%time,field.header.seq,field.header.stamp,field.header.frame_id,field.pose.position.x,field.pose.position.y,field.pose.position.z,field.pose.orientation.x,field.pose.orientation.y,field.pose.orientation.z,field.pose.orientation.w
1620391088581058555,5208,1620391088552091802,,0.373762494151,-0.0455418186468,0.0821836146013,0.980500513089,0.0565530031209,-0.187829545086,0.0116505086888
1620391088625200678,5209,1620391088586056725,,0.373763295069,-0.0455389663161,0.0821831538064,0.980500169355,0.0565563894507,-0.187830631189,0.0116454876414
1620391088625244504,5210,1620391088620050557,,0.373763221644,-0.0455410900301,0.0821847525604,0.980500766864,0.05655230353,-0.187828692988,0.0116462837427
1620391088669125541,5211,1620391088654053094,,0.373763819914,-0.0455398921046,0.0821832881063,0.980500749132,0.0565549374595,-0.187827849594,0.0116485881605
1620391088689091449,5212,1620391088688078549,,0.373763519488,-0.0455393343241,0.082184521838,0.980500485364,0.0565542272143,-0.187829599762,0.0116460176651
1620391088733049816,5213,1620391088722062893,,0.37376359615,-0.0455409016155,0.0821843709427,0.980500547718,0.0565567946248,-0.187828378577,0.0116479953491
1620391088777004889,5214,1620391088756115406,,0.373763246474,-0.0455402987077,0.0821840935091,0.980500430976,0.0565539164931,-0.187829874531,0.0116476739247
1620391088825068071,5215,1620391088790078186,,0.373763004282,-0.0455399083203,0.0821834305074,0.980500146478,0.0565581146402,-0.18783025306,0.0116451340684
1620391088868957029,5216,1620391088824087808,,0.373762926163,-0.0455394696284,0.0821838678457,0.980499941724,0.0565594366111,-0.187830884298,0.0116457717344
1620391088869058850,5217,1620391088858057824,,0.373763957061,-0.045541715323,0.0821843597599,0.980500382251,0.0565584247184,-0.187828706283,0.011648724435
1620391088913173286,5218,1620391088892042430,,0.373763382266,-0.0455420690842,0.0821842200325,0.980500564939,0.0565563209706,-0.187828444883,0.0116477763497
1620391088926970141,5219,1620391088926113616,,0.373762843337,-0.0455407747817,0.0821843298394,0.980500497151,0.0565563203159,-0.187828773843,0.0116481811233
1620391088969050645,5220,1620391088960081625,,0.373761848363,-0.0455427354301,0.0821836628904,0.980500068055,0.0565571903621,-0.187830699828,0.011649019349
1620391089013060686,5221,1620391088996218384,,0.373762448378,-0.0455405151099,0.0821836246317,0.980500553729,0.0565550742226,-0.18782903151,0.0116453135419
1620391089057145361,5222,1620391089030049639,,0.37376141735,-0.0455422552628,0.0821838433178,0.980500225894,0.0565574493498,-0.187830035586,0.0116451863062
1620391089101023009,5223,1620391089065091421,,0.373763914421,-0.0455406441038,0.0821840491499,0.980500781302,0.0565583267166,-0.18782687215,0.0116451848089
1620391089101122496,5224,1620391089099035589,,0.373762671799,-0.045541460811,0.0821843483579,0.980500314675,0.0565571345529,-0.187829674076,0.0116450709407
1620391089145189897,5225,1620391089133111137,,0.373761158434,-0.0455401664238,0.0821829339607,0.98049984731,0.0565583044001,-0.187831809091,0.0116443036627
1620391089167914173,5226,1620391089167120144,,0.373764097161,-0.0455415243258,0.0821846013093,0.980500617844,0.0565581562297,-0.187827528164,0.0116491940831
1620391089209072237,5227,1620391089200574670,,0.373763236243,-0.0455397694442,0.082184005149,0.98050000127,0.0565597394027,-0.187830431078,0.0116465975786
1620391089257231788,5228,1620391089234044446,,0.373764431268,-0.0455418086669,0.0821850489309,0.980500571074,0.0565588286211,-0.18782765879,0.0116477598413
1620391089301020170,5229,1620391089268080448,,0.373762301464,-0.0455422923772,0.0821848439469,0.980500542254,0.0565555601899,-0.187829051513,0.0116435968464
1620391089345081481,5230,1620391089302018602,,0.373764400534,-0.0455419687766,0.0821850597806,0.980500705777,0.0565596999914,-0.18782670337,0.0116475960748
1620391089345121881,5231,1620391089336146064,,0.373762761089,-0.0455418322724,0.0821843647612,0.980499885087,0.0565633495515,-0.187829968561,0.0116463052641
1620391089389076408,5232,1620391089370077539,,0.373764288588,-0.0455418128568,0.0821850161915,0.98050041829,0.0565603131264,-0.187828021027,0.0116475712391
1620391089404846626,5233,1620391089404050574,,0.373762656231,-0.0455419686511,0.0821834023101,0.980499813149,0.0565632392107,-0.187830179331,0.0116494978586
1620391089449163138,5234,1620391089438041079,,0.373763815171,-0.045541193826,0.0821843281163,0.980500422838,0.0565611118004,-0.187827764552,0.0116474458739
1620391089493245006,5235,1620391089472059902,,0.373763913881,-0.0455399935193,0.0821843205453,0.980500215927,0.0565610519381,-0.18782892272,0.0116464778241
1620391089537133944,5236,1620391089506058793,,0.373761391723,-0.045541533913,0.0821833787686,0.980499762342,0.0565615775569,-0.187831195679,0.0116454543456
1620391089581265133,5237,1620391089540098817,,0.373762303879,-0.0455396478384,0.0821834031284,0.980499840314,0.0565618139601,-0.187830751484,0.0116449056733
1620391089581333461,5238,1620391089574095871,,0.373765705345,-0.0455393722502,0.0821848508068,0.980500454256,0.056565006638,-0.187826448767,0.0116471050003
1620391089625166998,5239,1620391089608077128,,0.37376329625,-0.0455406360027,0.0821839048512,0.980500099812,0.0565638392492,-0.187828790858,0.0116448428811
1620391089643050888,5240,1620391089642063507,,0.373762817593,-0.0455416884413,0.0821841971363,0.980499797638,0.0565642976729,-0.18783006529,0.0116475025963
1620391089685153502,5241,1620391089676065971,,0.373763353047,-0.0455402682806,0.0821839877103,0.980500121178,0.056563051034,-0.187828837072,0.0116461270814
1620391089729120752,5242,1620391089710058349,,0.373762155367,-0.0455418809153,0.0821842134006,0.980500025243,0.0565630835339,-0.187829475737,0.0116437454227
1620391089773062422,5243,1620391089744219403,,0.373762301072,-0.0455419818495,0.0821835868422,0.980500338459,0.0565626035595,-0.187827944828,0.0116443972204
1620391089817263195,5244,1620391089778060233,,0.373764652282,-0.0455418895341,0.0821849194569,0.980500725316,0.0565612833969,-0.18782626359,0.0116453538289
1620391089817291804,5245,1620391089812070620,,0.373760783673,-0.0455435075164,0.0821830174248,0.980499653808,0.0565596168411,-0.187832282111,0.0116465921012
1620391089861149734,5246,1620391089846104689,,0.373762943765,-0.0455424839025,0.0821838778037,0.980499966539,0.0565644550051,-0.187829303526,0.01164480429
1620391089881244647,5247,1620391089880022029,,0.373761470596,-0.045541804704,0.0821828555035,0.98049959368,0.0565639788607,-0.187831290314,0.0116464651927
1620391089925057657,5248,1620391089914087527,,0.373762236185,-0.0455408150702,0.0821833653534,0.980499975875,0.0565629496403,-0.187829645897,0.0116458079698
1620391089969143584,5249,1620391089948108195,,0.373762358557,-0.0455420318304,0.0821839283186,0.980499822442,0.0565673662,-0.187829234173,0.0116439144672
1620391090013184570,5250,1620391089982094884,,0.373763888648,-0.0455407445923,0.0821844204954,0.980500155031,0.0565640678246,-0.187828504198,0.0116437068782
1620391090057165238,5251,1620391090016040279,,0.373763452258,-0.0455408976458,0.0821843675638,0.980499901235,0.0565644240213,-0.187829633046,0.0116451383213
1620391090057190046,5252,1620391090050151613,,0.373765701968,-0.0455402555488,0.0821852002531,0.980500275791,0.0565692724074,-0.187826265124,0.0116443721559
1620391090101072905,5253,1620391090084126012,,0.37376320126,-0.0455396959574,0.0821843229531,0.980499880686,0.0565671389195,-0.187829045764,0.0116431532798
1620391090118607909,5254,1620391090118063210,,0.373762868677,-0.0455424045387,0.0821849098518,0.980500129055,0.0565657612315,-0.187828159023,0.0116432358229
1620391090160992462,5255,1620391090152027051,,0.373762369279,-0.0455415326524,0.0821842107401,0.98049962635,0.0565688291602,-0.187829723712,0.0116454225463
1620391090205158227,5256,1620391090185999618,,0.373762445321,-0.0455406824768,0.0821841875062,0.980499604382,0.0565674219372,-0.187830319126,0.0116445042969
1620391090253223547,5257,1620391090220038175,,0.37376381252,-0.0455398614497,0.0821836173457,0.980500147762,0.056565206555,-0.187828315674,0.0116418280342
1620391090297176782,5258,1620391090254034565,,0.373764158254,-0.0455410025418,0.0821837081424,0.98050000261,0.0565686805787,-0.187827883571,0.0116441441269
1620391090297237915,5259,1620391090288034752,,0.373761243471,-0.045543178236,0.0821833263869,0.980499950965,0.0565672316674,-0.187828527085,0.0116451515205
1620391090345177290,5260,1620391090322042009,,0.37376298001,-0.0455428096954,0.0821840502474,0.980500238436,0.0565653120299,-0.187827634192,0.0116446734216
1620391090356701521,5261,1620391090356084075,,0.373763154414,-0.0455419158207,0.0821847083538,0.980500025125,0.0565649778719,-0.187828856307,0.0116445450323
1620391090397118346,5262,1620391090390040120,,0.373763548582,-0.0455409748864,0.0821844620259,0.980499863053,0.0565696177709,-0.187828355764,0.0116437257854
1620391090441086297,5263,1620391090424059524,,0.373762520712,-0.0455423499291,0.0821835205035,0.980499895762,0.056564490933,-0.18782962208,0.0116454509587
1620391090485202858,5264,1620391090458080821,,0.37376594468,-0.0455390761798,0.082184492411,0.980500207999,0.0565699819846,-0.187826517242,0.0116425663891
1620391090529087770,5265,1620391090492178120,,0.37376479045,-0.0455395564915,0.0821843649408,0.980500580413,0.056568400302,-0.187825076007,0.0116421389749
1620391090529121062,5266,1620391090526053848,,0.373764247818,-0.0455421372842,0.0821847410948,0.980500542427,0.0565650405979,-0.187826179676,0.0116438564946
1620391090573223769,5267,1620391090559994720,,0.373763617533,-0.0455421939292,0.0821854945857,0.98050024562,0.0565686692728,-0.187826676631,0.0116432050168
1620391090594704695,5268,1620391090594006781,,0.373761595129,-0.0455441076289,0.0821837194113,0.980500299255,0.0565654113143,-0.187827413913,0.0116426229393
1620391090636941527,5269,1620391090628122724,,0.373762609658,-0.0455423760085,0.0821840917436,0.980499832499,0.0565692230549,-0.187828597602,0.0116443151478
1620391090681320683,5270,1620391090661994332,,0.373765763323,-0.0455415018998,0.0821850580715,0.980500369605,0.0565703519223,-0.187825498182,0.011643599146
1620391090725131692,5271,1620391090696065338,,0.373764081529,-0.0455423934294,0.0821849103547,0.98049997404,0.0565721676795,-0.187826939231,0.0116448412941
1620391090769086990,5272,1620391090730116324,,0.373762782553,-0.0455415012143,0.0821835473093,0.980499821624,0.0565676628467,-0.187829239108,0.0116424624505
1620391090769193213,5273,1620391090764015331,,0.373761256204,-0.0455399724416,0.0821828510378,0.980499282851,0.0565700571737,-0.18783142955,0.0116408638958
1620391090813115512,5274,1620391090797982853,,0.373764643366,-0.0455405334691,0.0821841729843,0.980499420512,0.0565735995341,-0.187829415618,0.0116445488737
1620391090832769605,5275,1620391090831995569,,0.37376376611,-0.0455413517475,0.0821844161857,0.980500018119,0.0565701392187,-0.187827373855,0.0116439738539
1620391090873095830,5276,1620391090866044327,,0.373763476864,-0.0455429844066,0.0821838127363,0.980500189376,0.0565699628777,-0.187826511011,0.0116443280098
1620391090917124342,5277,1620391090900034807,,0.37376312677,-0.045541247841,0.0821840448445,0.980499730291,0.0565727291652,-0.187828215488,0.0116420513522
1620391090961122860,5278,1620391090934094788,,0.373763521894,-0.045541835007,0.0821842344105,0.98050009624,0.0565706475498,-0.187826747998,0.0116450214553
1620391091005110941,5279,1620391090968040037,,0.373762089306,-0.0455412755725,0.0821844629972,0.980499830723,0.05656899982,-0.18782892643,0.0116402443763
1620391091005150451,5280,1620391091002023758,,0.373764872312,-0.045542476135,0.0821850257931,0.980500345199,0.0565691776024,-0.187826048765,0.0116424781067
1620391091049002052,5281,1620391091036398231,,0.373762383695,-0.0455417209752,0.082184282545,0.980499756146,0.0565685083009,-0.187829280801,0.0116431963091
1620391091070919571,5282,1620391091070027344,,0.373765147805,-0.0455407240171,0.082184412753,0.980500397156,0.0565707713256,-0.187825375612,0.0116412183739
1620391091113040885,5283,1620391091104015076,,0.373765730212,-0.0455417790456,0.0821843241237,0.980500320417,0.0565734912446,-0.187824710383,0.01164519632
1620391091157085669,5284,1620391091137978892,,0.373764506093,-0.0455423265868,0.0821846569495,0.980500341091,0.0565700574576,-0.18782574696,0.0116434177954
1620391091201160345,5285,1620391091172099212,,0.373763090158,-0.0455406218529,0.0821835359985,0.980499722838,0.0565692680539,-0.187829453563,0.0116395224046
1620391091245270069,5286,1620391091206094453,,0.373763065843,-0.0455416835845,0.0821838127064,0.98049991889,0.056571808444,-0.187827480885,0.0116424933013
1620391091245290178,5287,1620391091240098488,,0.373762536581,-0.0455434751829,0.0821833872781,0.980499963031,0.0565698380025,-0.187827808395,0.0116430665173
1620391091293164010,5288,1620391091274047810,,0.373764029761,-0.0455425741786,0.0821839913776,0.980499562775,0.0565756047007,-0.187828094783,0.0116441331726
1620391091309003552,5289,1620391091308028357,,0.373763733632,-0.0455395204632,0.0821842366534,0.980499675309,0.0565734893408,-0.187828439257,0.011639377401
1620391091349025749,5290,1620391091342049938,,0.373764903271,-0.0455407844484,0.0821844482977,0.980499831287,0.0565736444763,-0.187827403797,0.0116421929718
1620391091393134355,5291,1620391091376088331,,0.373762440913,-0.0455398709713,0.0821840704447,0.980499644157,0.0565708558206,-0.187829425223,0.0116388907875
1620391091437136523,5292,1620391091410020733,,0.37376268556,-0.0455427308757,0.0821831575863,0.980499358135,0.0565741296272,-0.187829586599,0.0116444677926
1620391091481136340,5293,1620391091444065765,,0.373763300037,-0.0455415988923,0.0821843895416,0.980499415952,0.0565770295278,-0.187828473588,0.0116434631193
1620391091481168582,5294,1620391091478055651,,0.373761421204,-0.0455421786034,0.0821826839911,0.980499434461,0.0565718874618,-0.187830099886,0.0116406540332
1620391091525158602,5295,1620391091512035441,,0.373763936521,-0.0455402999321,0.0821844978821,0.980499932401,0.056574978881,-0.187826609596,0.0116400056689
1620391091546889333,5296,1620391091545983625,,0.373763366339,-0.0455415009516,0.0821835486499,0.98049951389,0.0565737981833,-0.1878291036,0.0116407533427
1620391091589155101,5297,1620391091580003787,,0.373764353453,-0.0455419522806,0.0821845893993,0.980499786027,0.0565764767468,-0.187826771186,0.011642447445
1620391091633040364,5298,1620391091614080207,,0.373764179567,-0.0455425257403,0.0821841069714,0.980499776575,0.0565769668032,-0.187826549941,0.0116444311856
1620391091677111904,5299,1620391091648044470,,0.373762260736,-0.0455399730894,0.082182684025,0.98049887475,0.056578313711,-0.1878311192,0.0116401188472
1620391091725132867,5300,1620391091681991761,,0.373762973467,-0.0455418750555,0.0821834404374,0.980499455595,0.0565760863478,-0.187828689679,0.0116412216364
1620391091725155743,5301,1620391091716263984,,0.37376509554,-0.0455415693956,0.0821853762031,0.980500098183,0.0565743992303,-0.187825787823,0.011642118443
1620391091769299098,5302,1620391091750030778,,0.373763547484,-0.0455429847589,0.082184097625,0.980499837626,0.0565731851331,-0.187827523324,0.0116419629076
1620391091784928420,5303,1620391091784008691,,0.373762344704,-0.0455401941703,0.0821840111854,0.980499396008,0.0565780568855,-0.187828534165,0.0116391724741
1620391091825303345,5304,1620391091817969501,,0.373763622775,-0.0455420821135,0.0821839617074,0.98049957332,0.0565777004621,-0.187827584372,0.0116412951765
1620391091869169267,5305,1620391091852050911,,0.373762027532,-0.0455419358806,0.0821827480711,0.980499227156,0.0565773021946,-0.18782952639,0.0116410530123
1620391091913098934,5306,1620391091885992827,,0.373764208602,-0.0455413176809,0.0821847013044,0.980499765348,0.0565757931829,-0.18782725139,0.0116397632974
1620391091957058257,5307,1620391091919981586,,0.373762872229,-0.0455433653109,0.0821840100303,0.980499681842,0.0565759574565,-0.187827557114,0.0116410656988
1620391091957082870,5308,1620391091954000055,,0.373765691343,-0.0455395540812,0.0821836710288,0.980499553696,0.0565834830331,-0.187825912461,0.0116418181687
1620391092001258531,5309,1620391091988030577,,0.373762627407,-0.0455397763977,0.0821825417863,0.980498980339,0.056581224071,-0.187829741565,0.0116393081756
1620391092022485572,5310,1620391092022032654,,0.373762401839,-0.045543831424,0.0821841764031,0.980499807172,0.0565752347844,-0.18782714962,0.0116405965554
1620391092069107211,5311,1620391092056026143,,0.373764188926,-0.0455413492758,0.0821841730959,0.980499818736,0.0565771007505,-0.187826470591,0.0116415097705
1620391092113163925,5312,1620391092090021890,,0.373763488959,-0.0455428350865,0.0821840436797,0.98049969036,0.0565757477559,-0.187827487291,0.0116424939334
1620391092157135259,5313,1620391092124045795,,0.373763600348,-0.0455413862931,0.0821837267839,0.980499381276,0.0565801326697,-0.187827827236,0.0116417307751
1620391092201214376,5314,1620391092158042219,,0.37376294547,-0.045541834842,0.0821850516065,0.980499706766,0.0565769863589,-0.187827225875,0.011639310207
1620391092201322009,5315,1620391092191955412,,0.373763170545,-0.0455427392178,0.0821840675187,0.980499440879,0.0565814723732,-0.1878271911,0.0116404629352
1620391092245061916,5316,1620391092226024214,,0.373762925923,-0.0455428813993,0.0821838140105,0.98049949327,0.0565798278485,-0.187827393296,0.011640780895
1620391092260700752,5317,1620391092259977761,,0.373762462873,-0.0455436836332,0.0821838805814,0.980499420969,0.0565785106965,-0.187828081012,0.0116421761635
1620391092305075536,5318,1620391092293980956,,0.37376362145,-0.0455419532125,0.0821850156663,0.980499543519,0.0565796073791,-0.187827331211,0.0116386216148
1620391092349125821,5319,1620391092327972036,,0.373763305955,-0.0455410576372,0.0821839295787,0.980499389834,0.0565802348734,-0.187827795165,0.0116410306413
1620391092393079495,5320,1620391092362000657,,0.373763886673,-0.0455439712649,0.0821848446239,0.980499875091,0.0565768937196,-0.187826365096,0.0116394714046
1620391092437133153,5321,1620391092395944027,,0.373763342113,-0.0455423153088,0.0821840605914,0.980499399137,0.0565809195154,-0.187827578449,0.0116404160874
1620391092437212779,5322,1620391092430145668,,0.373759864596,-0.0455428947432,0.0821827573166,0.980498623037,0.0565795730174,-0.187832084074,0.0116396308823
1620391092481119946,5323,1620391092464006016,,0.373763402942,-0.0455424646161,0.0821840280416,0.980499429164,0.0565802843131,-0.18782766837,0.0116395234127
1620391092498845186,5324,1620391092497999900,,0.373762919564,-0.0455438342066,0.0821848161683,0.980499486623,0.0565806544532,-0.18782716192,0.0116410563119
1620391092541126448,5325,1620391092532005772,,0.373764162207,-0.0455429987731,0.0821848199768,0.980499685553,0.0565810203826,-0.187826083474,0.0116399228753
1620391092585080629,5326,1620391092566038601,,0.373763271519,-0.0455426200493,0.0821837621911,0.980499428894,0.0565801421435,-0.187827773751,0.011638536664
1620391092629176835,5327,1620391092599973605,,0.37376281987,-0.0455417571847,0.0821833162139,0.98049891925,0.0565837515327,-0.187829267624,0.0116398156068
1620391092673052092,5328,1620391092634029392,,0.373764672832,-0.0455423475636,0.0821852522342,0.980499781024,0.05658003636,-0.187825864873,0.0116401914436
1620391092673078226,5329,1620391092667972294,,0.373762750406,-0.0455408141523,0.0821839651527,0.980499169347,0.056581661483,-0.187828752017,0.0116372283516
1620391092717070355,5330,1620391092701993457,,0.373765422954,-0.0455440025975,0.0821850188402,0.980499692746,0.056584024501,-0.187824969231,0.0116426930467
1620391092736233705,5331,1620391092735380386,,0.373762953522,-0.0455430336921,0.0821836263357,0.980499444829,0.0565805491841,-0.187827448158,0.0116404697302
1620391092777110376,5332,1620391092769085237,,0.37376248155,-0.0455426763037,0.082184185153,0.980499277935,0.056583410455,-0.187827608868,0.0116380260222
1620391092821142236,5333,1620391092803019129,,0.37376077523,-0.0455411111959,0.082183100623,0.980498699734,0.0565829016365,-0.187830805505,0.0116376216636
1620391092869107034,5334,1620391092837070806,,0.373761811956,-0.0455415514756,0.082183848512,0.980498883839,0.0565845572823,-0.187829408973,0.0116366002272
1620391092913116674,5335,1620391092871028771,,0.373763434279,-0.0455402722368,0.0821834297308,0.980499063318,0.0565850549973,-0.187828109949,0.0116400244085
1620391092913136727,5336,1620391092904974077,,0.373762106497,-0.0455426559226,0.0821838005516,0.980499022771,0.0565824925995,-0.187829132423,0.0116393970426
1620391092957152020,5337,1620391092938983080,,0.373761519033,-0.0455439677247,0.0821829687769,0.980498873147,0.0565819133458,-0.18782997094,0.0116412855232
1620391092974029427,5338,1620391092973147314,,0.373762124813,-0.0455421090788,0.0821838091734,0.980499098295,0.0565826220713,-0.187828851847,0.0116369329824
1620391093017146466,5339,1620391093006983279,,0.373762216642,-0.0455429066176,0.0821836395838,0.98049909113,0.0565828951205,-0.187828613562,0.0116400546654
1620391093061173461,5340,1620391093040965205,,0.373761795903,-0.0455424172081,0.082183197462,0.980498955253,0.0565823683723,-0.187829509826,0.0116395983182
1620391093105212938,5341,1620391093074971821,,0.373762674993,-0.0455423469886,0.0821845217297,0.980498962435,0.0565875394301,-0.187827947427,0.011639066966
1620391093149095356,5342,1620391093109009698,,0.373763457728,-0.0455413918696,0.0821835536923,0.980498817599,0.0565876870789,-0.187828659438,0.0116390601378
1620391093149131936,5343,1620391093143042435,,0.373762315645,-0.0455417944264,0.0821829152971,0.980498545562,0.0565881190163,-0.187830018848,0.0116379391159
1620391093193046798,5344,1620391093176995176,,0.373764032256,-0.0455398262421,0.0821835702193,0.980499046155,0.0565877769933,-0.187827448541,0.0116389101371
1620391093211960191,5345,1620391093210961291,,0.373764471545,-0.0455428428321,0.0821853090906,0.980499561428,0.0565870919114,-0.187824861051,0.0116405888917
1620391093253347949,5346,1620391093244964665,,0.373764531903,-0.0455433983784,0.0821848288417,0.980499491671,0.0565857144395,-0.187825671899,0.0116400773546
1620391093297103008,5347,1620391093278978965,,0.373764485415,-0.04554052649,0.0821841234841,0.980499536363,0.0565869523822,-0.187825217581,0.0116376252858
1620391093341298393,5348,1620391093313032769,,0.373762540349,-0.0455409374334,0.0821827697264,0.980498232294,0.0565917828948,-0.187830392201,0.0116404900856
1620391093389059033,5349,1620391093346954059,,0.373762723024,-0.0455436116348,0.0821842464206,0.98049950921,0.0565856643822,-0.1878256823,0.0116386753668
1620391093389090937,5350,1620391093380963401,,0.373762947778,-0.0455443190689,0.0821840217983,0.980498886513,0.0565890837916,-0.187827785219,0.0116405717629
1620391093433153276,5351,1620391093414929555,,0.373768126291,-0.0455412601639,0.0821848498025,0.980500235487,0.0565939124582,-0.187819342065,0.0116397033945
1620391093449626526,5352,1620391093448973192,,0.373776323851,-0.0455382600386,0.0821847532579,0.980501822589,0.0565998597388,-0.187809404484,0.0116374407286
1620391093493052980,5353,1620391093482967748,,0.373841008582,-0.0454879659739,0.0821686754656,0.980534828643,0.0565558925659,-0.187656270565,0.0115401751061
1620391093537229873,5354,1620391093516960989,,0.37397362467,-0.0453983315355,0.0821640423819,0.98057060425,0.0565881862489,-0.187464988999,0.0114505820872
1620391093581056562,5355,1620391093550973493,,0.374206821582,-0.045249612348,0.0821564919707,0.980615226045,0.0570540241058,-0.187105088723,0.0112014715612
1620391093625250972,5356,1620391093584953546,,0.374497743285,-0.0450899290606,0.0821229917513,0.980702697016,0.0574623930117,-0.186539578233,0.0108834454355
1620391093625278396,5357,1620391093618961136,,0.374818921809,-0.0449015556438,0.082084208792,0.980810849821,0.0577810280057,-0.185892183478,0.0105212068989
1620391093669083290,5358,1620391093652920620,,0.375211414191,-0.0447005823742,0.0820592734262,0.980951772124,0.0579857668956,-0.185103647423,0.0101528911813
1620391093688604954,5359,1620391093687457293,,0.375763591361,-0.0444983642845,0.0820848451791,0.981142124059,0.0579316503235,-0.184121979131,0.00991579594557
1620391093729324488,5360,1620391093721012841,,0.376428906147,-0.0442728424024,0.0821997394471,0.98135617149,0.0578227026779,-0.183024621797,0.00968284783132
1620391093773038069,5361,1620391093756122052,,0.377176021931,-0.0440529429472,0.0823796181438,0.981601507108,0.0576353330713,-0.18177848369,0.00940226571089
1620391093817127062,5362,1620391093789951926,,0.378148489794,-0.0438200440681,0.0827191966046,0.981923775343,0.0570339559494,-0.180234371213,0.00914161813147
1620391093861206535,5363,1620391093824042415,,0.379106462746,-0.0436173924065,0.0831330756212,0.982239509313,0.0562609350097,-0.178761548053,0.0089293551767
1620391093861354591,5364,1620391093858032755,,0.380117503622,-0.0434412924363,0.0836284265021,0.982551084762,0.0555201208083,-0.177281870051,0.00878589229637
1620391093905299229,5365,1620391093891967615,,0.381189029506,-0.0432516351845,0.084164499573,0.982866724296,0.0547588204117,-0.1757690208,0.00865430221749
1620391093926991172,5366,1620391093925962571,,0.382463846548,-0.0429464134757,0.0847151526266,0.983231537627,0.0539964888552,-0.173967706843,0.0083983193656
1620391093969202816,5367,1620391093960204811,,0.383957071139,-0.0424485260747,0.0852508039939,0.983609884593,0.0535879139848,-0.171963213665,0.00798473338095
1620391094013181557,5368,1620391093993974590,,0.385626173356,-0.041797150416,0.0857924373552,0.983984356931,0.0532783213189,-0.169921784063,0.00761351985978
1620391094057086172,5369,1620391094027936418,,0.38736752444,-0.041031041953,0.0862906411633,0.984346621813,0.0531307884146,-0.167875404244,0.00720199812122
1620391094101063612,5370,1620391094062012023,,0.389062362937,-0.0402135885831,0.0867287080006,0.984646485065,0.0532067608543,-0.166096377062,0.00689247576902
1620391094101082424,5371,1620391094096063500,,0.390597514325,-0.0394167229375,0.0870922362387,0.98486942869,0.0533849815381,-0.164716089255,0.00678488594187
1620391094149163755,5372,1620391094129945720,,0.392513679271,-0.0383339755494,0.0874867216314,0.985099708911,0.0537339763546,-0.163219170934,0.00677479960309
1620391094164909452,5373,1620391094163927493,,0.394313225124,-0.0372335975764,0.0878139072997,0.985286141552,0.054038845175,-0.161983736498,0.00688939850617
1620391094205266131,5374,1620391094197920378,,0.396206376718,-0.0361181957819,0.0881465708502,0.985491201159,0.0543124535511,-0.160631291122,0.0070717906083
1620391094249086618,5375,1620391094231980713,,0.398192374381,-0.0349632899177,0.0885392980467,0.98568880704,0.0545159078331,-0.159328210089,0.00743538279594
1620391094293060343,5376,1620391094265922935,,0.400204596869,-0.0338164050388,0.0889622793351,0.985866567936,0.054776543398,-0.158110401787,0.00793178467072
1620391094337276887,5377,1620391094300085102,,0.402173193202,-0.0326856315446,0.0893923497653,0.986047211368,0.0548602043689,-0.15692254705,0.0084700035798
1620391094337299520,5378,1620391094333955846,,0.404227158371,-0.0315108573938,0.0898458406027,0.986231332934,0.0549370631361,-0.155699124552,0.00909018223295
1620391094402918628,5379,1620391094401956075,,0.408505856399,-0.0292478905707,0.0908081850411,0.986645270633,0.0547425954457,-0.15302048534,0.0106892999425
1620391094437014464,5380,1620391094435962231,,0.41089603521,-0.0281905149066,0.0913422635365,0.986880510709,0.0544949879118,-0.151514580073,0.0116472282797
1620391094477332590,5381,1620391094469958493,,0.413470724531,-0.0273084630692,0.0919425027183,0.987136840586,0.0542265804777,-0.149845400758,0.0127225774568
1620391094521109215,5382,1620391094503918969,,0.416318272692,-0.0264982577134,0.092600719514,0.987421216978,0.0538656654281,-0.147989565106,0.0138597022738
1620391094565044158,5383,1620391094537947923,,0.419254166208,-0.0257615714969,0.093303592838,0.987699072275,0.0535527234033,-0.146138158716,0.0148815174749
1620391094609169101,5384,1620391094572017670,,0.422322629206,-0.0251522342481,0.0940333242792,0.987984122352,0.0531209094694,-0.144243957116,0.0159498144403
1620391094609228036,5385,1620391094605866274,,0.425384280162,-0.0248087318437,0.0947678960509,0.988251700311,0.052664917609,-0.142449058635,0.0169829918259
1620391094653151416,5386,1620391094639930734,,0.428760624101,-0.0245512769222,0.0955706288372,0.988526945472,0.0524623936855,-0.140463579312,0.0180923010417
1620391094674941633,5387,1620391094673939996,,0.432316419233,-0.0242324135449,0.0964467949574,0.988801488359,0.0523412167672,-0.138446427775,0.0189676961614
1620391094717066093,5388,1620391094708041148,,0.436044997996,-0.0239464550759,0.0973831373514,0.989080038532,0.0522196268797,-0.136379914206,0.0197352535471
1620391094761082954,5389,1620391094741968492,,0.439974408484,-0.0238191559822,0.0983883311543,0.989368499237,0.052101419852,-0.134209886148,0.0204522512499
1620391094805076041,5390,1620391094775991672,,0.443913939669,-0.0237433082195,0.0994326525218,0.989661679863,0.0519324930805,-0.132005382326,0.0210363508786
1620391094849118781,5391,1620391094810060523,,0.447712809963,-0.0240060393402,0.100466340016,0.989952052773,0.0515737804261,-0.129870982258,0.0215355517426
1620391094849328610,5392,1620391094844019562,,0.45147951516,-0.024323085477,0.101507817442,0.990244769449,0.0510495160573,-0.127747193119,0.0220243512856
1620391094893077949,5393,1620391094877964820,,0.455172593338,-0.0248359992363,0.102560533634,0.990552639602,0.0501711049284,-0.125633865418,0.0223525081605
1620391094912858310,5394,1620391094911922027,,0.458661220453,-0.0254663006362,0.103615017206,0.990856062596,0.0492427589162,-0.123581526873,0.0224097063828
1620391094953095172,5395,1620391094945954544,,0.462005767818,-0.0263397454515,0.104683075671,0.991151535203,0.0483381539712,-0.121575987241,0.0222825428463
1620391094997106298,5396,1620391094979902936,,0.465091059147,-0.0271798635242,0.105689400662,0.991421403228,0.0473099277069,-0.119809575057,0.0220502477825
1620391095041036558,5397,1620391095013914185,,0.46769863076,-0.0282350038802,0.106541772051,0.991639225574,0.0463132778153,-0.118488696679,0.0215018967275
1620391095085034421,5398,1620391095047888260,,0.470008010052,-0.0293306913271,0.107318916827,0.991832217348,0.0451665777998,-0.117438002003,0.0207924334184
1620391095085059834,5399,1620391095084061988,,0.472014957609,-0.0305108211521,0.108012745163,0.991995961669,0.0441594906991,-0.116565492415,0.0200403232149
1620391095129276384,5400,1620391095117895767,,0.473901394671,-0.0316802234249,0.108795452394,0.992170816304,0.0427331107746,-0.115773970019,0.0190399095912
1620391095152506505,5401,1620391095151958679,,0.475590509073,-0.0330299793349,0.109704228809,0.992353187951,0.0414752737004,-0.114799355498,0.0181999534701
1620391095193023620,5402,1620391095185924416,,0.477213472599,-0.0344683274957,0.110892287176,0.992558817666,0.0400902298622,-0.113625043064,0.0174440643565
1620391095237048931,5403,1620391095219997495,,0.478743610312,-0.0358888430014,0.112304604225,0.992760525514,0.0386685777657,-0.112494837883,0.0164733397831
1620391095281115822,5404,1620391095254043966,,0.480178858026,-0.0372553562219,0.113881901668,0.992967245357,0.0372786701785,-0.111255908214,0.0156093947075
1620391095325217401,5405,1620391095287934453,,0.48157488618,-0.0388261397472,0.115628558008,0.993202634415,0.0358015902736,-0.109693600692,0.015141583135
1620391095325235572,5406,1620391095321937111,,0.482970808185,-0.0404191954598,0.117566869201,0.993454515973,0.0343179273327,-0.107918214688,0.0148069055766
1620391095369132559,5407,1620391095355891023,,0.484572384594,-0.0421782115865,0.119830824756,0.993748377919,0.0328851202109,-0.105612870798,0.0149610562989
1620391095390554217,5408,1620391095389838211,,0.48616730274,-0.0438316764283,0.122357236701,0.994048107677,0.0315747044537,-0.103118520462,0.0152692582208
1620391095433082438,5409,1620391095423927788,,0.487986225516,-0.045719628953,0.125523549308,0.994391794005,0.0301672785991,-0.100096011841,0.0158387500206
1620391095476992320,5410,1620391095457927143,,0.489576559899,-0.047477248952,0.128799355227,0.994692887824,0.029028106952,-0.0973161831454,0.01637592808
1620391095521028559,5411,1620391095492126645,,0.490965838533,-0.0490558669329,0.132188235083,0.994966548253,0.0279199709632,-0.094738701256,0.0167870329554
1620391095565181367,5412,1620391095525908062,,0.492185186628,-0.0505410287494,0.135784755967,0.995212232119,0.0269201637694,-0.0923677580762,0.0170674623574
1620391095565231589,5413,1620391095559904996,,0.493296802164,-0.0518861698834,0.139321681346,0.995437141241,0.0258693326484,-0.0901959234794,0.0171916929085
1620391095609426131,5414,1620391095593905980,,0.494164700261,-0.0531602017637,0.142840296042,0.995610734605,0.0248403953784,-0.0885582271111,0.017171022492
1620391095628903090,5415,1620391095627900049,,0.494782002692,-0.0543751291908,0.146331732889,0.99575322878,0.0237471247571,-0.0873106509847,0.0168408915628
1620391095669098265,5416,1620391095661886628,,0.494910443541,-0.055233409009,0.149531450758,0.995841926228,0.0226665303748,-0.086808685607,0.015637220978
1620391095713201992,5417,1620391095695899613,,0.4946537735,-0.0560407001841,0.152651021408,0.995878448854,0.0219374155202,-0.0868323978964,0.0141486377628
1620391095757064295,5418,1620391095729946692,,0.494112611759,-0.056875608933,0.155647540738,0.995891100856,0.0212278783238,-0.0871215890159,0.0124621691531
1620391095801168838,5419,1620391095763887364,,0.493408344879,-0.0575483004517,0.158368766344,0.995880305639,0.0206646406332,-0.0876371275538,0.0105027602261
1620391095801197519,5420,1620391095797923322,,0.492671770641,-0.0582512341298,0.160905732318,0.995852793268,0.0202445257452,-0.088242674793,0.00870565197313
1620391095845107990,5421,1620391095831919231,,0.491580720145,-0.0587274972737,0.1631886147,0.995751297251,0.0200431809687,-0.0896244405836,0.00634581132612
1620391095866858997,5422,1620391095865929050,,0.490464523021,-0.0592826332573,0.165510249914,0.995636670291,0.0199908484771,-0.091028016037,0.00413180443263
1620391095913051285,5423,1620391095899933973,,0.489316455161,-0.0597886431709,0.16761850372,0.99550667813,0.0199948361473,-0.0925091198631,0.00197682265506
1620391095957085025,5424,1620391095933890986,,0.48832323132,-0.0603573707534,0.169617064238,0.995403767976,0.0199450903946,-0.0936411692813,0.00021966589559
1620391096001070284,5425,1620391095967933862,,0.487209583018,-0.0608106523522,0.171409430206,0.995264426592,0.0198246726404,-0.0951236845258,-0.0015404382261
1620391096045088414,5426,1620391096001914729,,0.486147712681,-0.0612499098228,0.173091765665,0.995131523204,0.019595348646,-0.0965110545847,-0.00317411666905
1620391096045113738,5427,1620391096035929789,,0.485075352007,-0.0616541227904,0.174636643782,0.994996494924,0.019265038397,-0.0978962616765,-0.00472654551211
1620391096093110186,5428,1620391096069904773,,0.483967949773,-0.062114477366,0.175990074243,0.994845133658,0.0191018345979,-0.0993896008004,-0.0059306097239
1620391096104492280,5429,1620391096103904233,,0.482945986309,-0.0626166755316,0.177094517581,0.994712925779,0.019066957137,-0.100646209327,-0.0069405991327
1620391096145277516,5430,1620391096137885060,,0.481846394449,-0.063044074807,0.17793004049,0.994572074521,0.0191375903003,-0.101933642279,-0.00805349070291
1620391096189074365,5431,1620391096171913015,,0.480681237304,-0.063416291316,0.178582134586,0.994414804086,0.0193003284796,-0.103329483582,-0.00921398106457
1620391096240829767,5432,1620391096239911903,,0.478256902431,-0.0639745023357,0.179231681973,0.994057782999,0.0202327029557,-0.106305892173,-0.0115760005038
1620391096281232590,5433,1620391096273901507,,0.477031884165,-0.0642535439531,0.179205004294,0.993885593239,0.0208326298842,-0.107662735843,-0.0127023219374
1620391096325071967,5434,1620391096307944008,,0.475636754184,-0.0645030330016,0.178886951441,0.993694364385,0.021387742398,-0.109154952295,-0.0139447311137
1620391096369256322,5435,1620391096341910393,,0.474055279485,-0.0648058800254,0.178334580367,0.993481979338,0.0219532357321,-0.110791398048,-0.015233602373
1620391096413158603,5436,1620391096375882874,,0.472404349878,-0.0652222289115,0.177701772315,0.99328380225,0.0224233977961,-0.112296505563,-0.0164060509361
1620391096413187206,5437,1620391096409872807,,0.470586504068,-0.0657393413428,0.177025851624,0.993080672749,0.0227929970129,-0.113836777344,-0.0175393554512
1620391096457155543,5438,1620391096443886822,,0.468702423177,-0.0663305325757,0.176297978264,0.992892748341,0.023084948836,-0.115244267545,-0.0185746689862
1620391096478821696,5439,1620391096477951201,,0.466617143677,-0.0669586831205,0.175476566131,0.992704802484,0.0231234089681,-0.11670198701,-0.0194502802614
1620391096520971047,5440,1620391096511897961,,0.464285634415,-0.0676049855282,0.174600573237,0.992481131218,0.0232340330202,-0.118446177715,-0.0201759989782
1620391096565074964,5441,1620391096545888148,,0.461809845091,-0.0682169073731,0.173644589044,0.992261841353,0.0234171984911,-0.120121790194,-0.0208329679245
1620391096609091747,5442,1620391096579949106,,0.459229986003,-0.0687827590613,0.17261469752,0.992046013725,0.0235779597195,-0.12174666999,-0.0214876428831
1620391096653166796,5443,1620391096613883731,,0.456554074916,-0.0692564401659,0.171546918676,0.991821430707,0.023910583003,-0.123376308244,-0.0221811649566
1620391096653223778,5444,1620391096647890405,,0.453810233297,-0.069745302247,0.17046340692,0.991586210001,0.0242285440821,-0.125074605318,-0.0228318356698
1620391096701268944,5445,1620391096681904205,,0.451072918437,-0.0701035857438,0.169415893279,0.9913376459,0.0247155861136,-0.126827418332,-0.0234265083555
1620391096717020121,5446,1620391096716099796,,0.448325588982,-0.0704132817662,0.168339168583,0.991084670955,0.0252577016153,-0.128568928599,-0.0240507314441
1620391096761146228,5447,1620391096749922248,,0.445549357102,-0.0705745758419,0.167304874952,0.990812287435,0.0258945710951,-0.130437409046,-0.0245305521841
1620391096805150539,5448,1620391096784012362,,0.442843069524,-0.0706680267003,0.166313236307,0.990538672682,0.0263622029584,-0.132341753374,-0.0248800278176
1620391096849117978,5449,1620391096818785305,,0.44014804298,-0.0707319173995,0.165346864751,0.990261009444,0.0267177676919,-0.134280853208,-0.0251620691532
1620391096893234360,5450,1620391096852895321,,0.437435891754,-0.0707786378617,0.164398410708,0.989971653523,0.0269560845933,-0.136322509186,-0.025315041933
1620391096893267835,5451,1620391096886869731,,0.435019209497,-0.0705937129909,0.163528180485,0.98971970107,0.027190331482,-0.138070646671,-0.0254416741617
1620391096937107333,5452,1620391096920858204,,0.432733077268,-0.0704428042731,0.162697320498,0.989462935562,0.0273768022863,-0.139860933532,-0.0254501892729
1620391096955562424,5453,1620391096954917362,,0.430592259687,-0.0702333762601,0.16195858343,0.989212168079,0.0275560958879,-0.141612669106,-0.025317642457
1620391096997051931,5454,1620391096988923634,,0.428455165909,-0.0698835127478,0.16118248535,0.988927214034,0.027927882167,-0.143548276373,-0.025141081006
1620391097041159641,5455,1620391097022857126,,0.426396657589,-0.0694201596348,0.16034221828,0.988622998247,0.0284965124722,-0.145563068301,-0.0248815587274
1620391097085064775,5456,1620391097056868274,,0.424340764213,-0.0688820642315,0.159461153101,0.988302981019,0.0289964727182,-0.147688646248,-0.0244881319685
1620391097129107216,5457,1620391097090907132,,0.42231424597,-0.0683523212961,0.158595567786,0.987955094827,0.0296822735958,-0.149966071095,-0.0238548342402
1620391097129141125,5458,1620391097124902383,,0.420481636767,-0.067648269315,0.157712924597,0.987629708421,0.0304787231049,-0.152043918557,-0.0231610757686
1620391097173101617,5459,1620391097158894896,,0.418803114854,-0.0668821742862,0.156755105931,0.987310854952,0.0312773937022,-0.154062981474,-0.0223333819015
1620391097193871436,5460,1620391097192903211,,0.417245368553,-0.0660557564859,0.155782778965,0.987002630936,0.0321181489944,-0.155978203152,-0.0214525704142
1620391097237307579,5461,1620391097226872394,,0.415823683112,-0.0651814146573,0.154756349175,0.986682131636,0.0332423565834,-0.157932501142,-0.0201450530033
1620391097281200513,5462,1620391097260853907,,0.414665774765,-0.064275626984,0.153557608981,0.986387860233,0.0343683304574,-0.159701337861,-0.0186673670035
1620391097325144253,5463,1620391097294878504,,0.41355967773,-0.0634244182216,0.152214353047,0.986092736013,0.035461744809,-0.16146029258,-0.0170098510985
1620391097369301449,5464,1620391097328862337,,0.41242256253,-0.0624819251689,0.15073077633,0.985746178933,0.036513040814,-0.163494308064,-0.0153642408979
1620391097369412662,5465,1620391097362864152,,0.411311336706,-0.0614711369335,0.149172013208,0.985388794198,0.0372822267946,-0.165605827339,-0.013742255928
1620391097413130967,5466,1620391097396900775,,0.410312168898,-0.0605036653097,0.14756531242,0.98506319976,0.0376338956447,-0.167575819605,-0.0121534660528
1620391097431736532,5467,1620391097430888078,,0.409416944561,-0.059422090394,0.145775616566,0.984747808246,0.0376412115057,-0.16951370854,-0.0107319913543
1620391097473060592,5468,1620391097464965324,,0.408596478599,-0.0581282297955,0.14377281033,0.984430333756,0.0375460858127,-0.1714336014,-0.00963895392585
1620391097521085366,5469,1620391097498860331,,0.407951505384,-0.05659680804,0.141557096218,0.984098525966,0.0376309485261,-0.173353320035,-0.00882094106355
1620391097565088095,5470,1620391097532842179,,0.407319692207,-0.0549616747087,0.139205764133,0.983741313626,0.037652632626,-0.175400372892,-0.00807440161544
1620391097609005385,5471,1620391097566871359,,0.406796595464,-0.0532457626154,0.136762224082,0.983407582899,0.037716752078,-0.177267480672,-0.00764149385072
1620391097609026364,5472,1620391097600840213,,0.406277942728,-0.0515035681617,0.134253988105,0.983085711934,0.0378231886009,-0.179030079128,-0.00743637948027
1620391097653111583,5473,1620391097634861172,,0.405655749321,-0.0498602761775,0.131821508204,0.982724870102,0.0378483069655,-0.181004154549,-0.00721186116082
1620391097669873544,5474,1620391097668889166,,0.40499856856,-0.0482347896343,0.129347873924,0.982363105506,0.0378626643837,-0.182955313978,-0.00718889597806
1620391097713042990,5475,1620391097702958570,,0.404289199605,-0.0466815966,0.126909322323,0.981990386717,0.0377611507803,-0.184968425891,-0.00712999967594
1620391097757142310,5476,1620391097736882289,,0.403616633862,-0.0451454773182,0.124478058206,0.98163778014,0.0376506651059,-0.186852122304,-0.00715262404665
1620391097801108144,5477,1620391097770872135,,0.402989512849,-0.0437828236399,0.122200370367,0.981330058119,0.0373437621569,-0.188528336744,-0.00700045972547
1620391097845182235,5478,1620391097804873536,,0.402386988708,-0.0424461952297,0.119969761447,0.981035830498,0.0370614476057,-0.190110553477,-0.00695022809431
1620391097845212040,5479,1620391097838865673,,0.40182496371,-0.0413262902637,0.11784482458,0.980772645004,0.0367075532588,-0.191538862618,-0.00675414038354
1620391097889013006,5480,1620391097872852543,,0.401333132846,-0.0403228842811,0.115813079772,0.980562249896,0.0362498685349,-0.192703493534,-0.00664566132708
1620391097907643294,5481,1620391097906902109,,0.400845487054,-0.0395233892672,0.113890238241,0.980353475461,0.0358628563937,-0.193845307894,-0.00633210481257
1620391097949089987,5482,1620391097940938040,,0.400320312372,-0.0389521401552,0.112053672502,0.980142436692,0.0353920521049,-0.195008205152,-0.00593184565634
1620391097993065218,5483,1620391097974878285,,0.399884566306,-0.0383655897991,0.110288170947,0.979975835593,0.0348709392202,-0.195945640501,-0.00564498250875
1620391098037107930,5484,1620391098008899528,,0.399508225545,-0.0377846073286,0.108602086409,0.979844201431,0.0343284643785,-0.196703724175,-0.00545189366765
1620391098081104861,5485,1620391098042875248,,0.399114039518,-0.0372907486201,0.107049266324,0.979705593793,0.0337886773409,-0.197493467084,-0.005175539565
1620391098081127517,5486,1620391098076871674,,0.398836794479,-0.0368624432386,0.105648758874,0.979615115596,0.0332678522761,-0.198036981324,-0.00490004890494
1620391098125208547,5487,1620391098110868110,,0.39851750176,-0.0365853438934,0.104380038149,0.979513434528,0.0327332479863,-0.198637184275,-0.00451845160145
1620391098145531751,5488,1620391098144854074,,0.398236769191,-0.0364867778078,0.103313285082,0.97941965568,0.0321190213687,-0.199213341531,-0.00383830908011
1620391098189115700,5489,1620391098178893783,,0.39794766094,-0.0365767221625,0.102414842963,0.979315009689,0.0317588428753,-0.199798763526,-0.00302050166841
1620391098237074979,5490,1620391098212446579,,0.397669894777,-0.0367609171567,0.101693981488,0.979207882273,0.0315530944528,-0.200366590452,-0.00217638674568
1620391098281219431,5491,1620391098246012356,,0.397392000619,-0.0370221295492,0.100985138522,0.979090791092,0.0314325457345,-0.200965209819,-0.00117645732023
1620391098281262009,5492,1620391098279845922,,0.397082454233,-0.0372862601231,0.100308583984,0.978957312149,0.031348238711,-0.201630858774,-0.000217889206658
1620391098325290541,5493,1620391098313854455,,0.396770613919,-0.0374758814474,0.0996353321289,0.978816877058,0.0313368767764,-0.202312370752,0.000638552350928
1620391098348594242,5494,1620391098347850033,,0.396469555709,-0.0376269396323,0.0990062291502,0.978677386951,0.0313625253642,-0.20297833045,0.00139405892089
1620391098393149247,5495,1620391098381861678,,0.396145595872,-0.0377868170157,0.0984176660938,0.978521575899,0.0314465268856,-0.203708550298,0.00215631929066
1620391098436997386,5496,1620391098415816471,,0.395869096309,-0.0379388129795,0.0978853263569,0.978384250564,0.0315522108981,-0.204341908068,0.00287793996658
1620391098481202991,5497,1620391098449849101,,0.395608263391,-0.038103941934,0.0974124345737,0.97825670348,0.0316068579455,-0.20493236869,0.00356855264809
1620391098525350920,5498,1620391098483904503,,0.395381620071,-0.0382889551847,0.0970132155139,0.978147679286,0.0316109944295,-0.205439123957,0.00422025611334
1620391098525374980,5499,1620391098517820061,,0.39518483043,-0.038484196695,0.0966813111703,0.978052226009,0.0315925528383,-0.205882345255,0.00483687879118
1620391098569138920,5500,1620391098551907598,,0.394997893219,-0.038680079751,0.0963691479602,0.977964285563,0.0315594983803,-0.206290091757,0.00542530722303
1620391098586825392,5501,1620391098585852262,,0.394828115348,-0.0388220438082,0.0960621763342,0.977880190322,0.0315637323813,-0.206673881045,0.00592897595621
1620391098629228920,5502,1620391098619901286,,0.394674412562,-0.0389800260632,0.0957947537267,0.977805552138,0.031545004197,-0.207014689127,0.00642768207204
1620391098673057790,5503,1620391098653907450,,0.39454553468,-0.0391740445678,0.0955505675642,0.977745084419,0.0314805874454,-0.207292737241,0.00695882952263
1620391098717119551,5504,1620391098687865972,,0.394437163237,-0.0393542602283,0.0953349485322,0.977693262738,0.0314127088052,-0.207530423831,0.00744517561779
1620391098761061232,5505,1620391098721861394,,0.394343859646,-0.0394812090353,0.0951571690428,0.977651835909,0.0313630286424,-0.207720346889,0.00779021281772
1620391098761084553,5506,1620391098755914068,,0.394263842274,-0.0395838589214,0.0950106992753,0.977609974181,0.0313504610365,-0.207907089385,0.00810622659848
1620391098805170866,5507,1620391098789873829,,0.394194746182,-0.0397188285474,0.0949000686195,0.977576718119,0.0313016281706,-0.208057902206,0.00842967156924
1620391098824631764,5508,1620391098823859640,,0.394144611024,-0.0398779938862,0.0948108910207,0.977554896809,0.0312153845284,-0.208158594436,0.00878662901316
1620391098865050586,5509,1620391098857892547,,0.394116829147,-0.0400127220492,0.0947087604351,0.977543401081,0.0311288084711,-0.20821241737,0.00909215924904
1620391098909001924,5510,1620391098891858900,,0.39407250796,-0.0401164489736,0.0946053609073,0.97752327644,0.0310779482458,-0.208302833889,0.00935501908144
1620391098957166825,5511,1620391098925917266,,0.394024461254,-0.0401947009138,0.0945119239939,0.977502209591,0.0310387633301,-0.20839855714,0.00955241577283
1620391099001145696,5512,1620391098959854627,,0.393972739612,-0.0402225413638,0.0944080219926,0.977476999268,0.0310426592477,-0.208510403376,0.00967795120264
1620391099001163006,5513,1620391098993823042,,0.393917766223,-0.040245407011,0.0943125673531,0.977450340657,0.0310524582531,-0.208628770504,0.00978745867586
1620391099049090857,5514,1620391099027858916,,0.393875515177,-0.0402442658717,0.0942267973004,0.977430416573,0.0310651997096,-0.208717788529,0.00983873550692
1620391099063102544,5515,1620391099061887497,,0.393826814781,-0.0402364665825,0.0941325101661,0.977407438481,0.0310847881627,-0.208819907448,0.00989258475531
1620391099109044509,5516,1620391099095822409,,0.39378441164,-0.040249224274,0.0940538055267,0.977385847781,0.0310992135911,-0.208914886343,0.00997474631244
1620391099153066059,5517,1620391099129879884,,0.393734512783,-0.0402568626092,0.0939689141261,0.977362600066,0.0311076640829,-0.209019212204,0.0100405170632
1620391099197119765,5518,1620391099163825461,,0.393676198622,-0.0402476963499,0.093865508779,0.977334089142,0.0311336880191,-0.209145672664,0.010101539196
1620391099245222303,5519,1620391099197832389,,0.393626895626,-0.040249942417,0.0937753113017,0.97730911928,0.0311569371689,-0.209255545158,0.0101700181858
1620391099245252711,5520,1620391099231822540,,0.393573053609,-0.0402543553621,0.0936842253267,0.977284133736,0.0311697883938,-0.209367025109,0.010237032887
1620391099289190197,5521,1620391099265856017,,0.393518090264,-0.0402506011462,0.0935902678205,0.977257246026,0.031191143752,-0.209486194131,0.0103006751316
1620391099300703146,5522,1620391099299864264,,0.393463169072,-0.0402313859723,0.0934926570731,0.977230734936,0.0312234667145,-0.209603637645,0.0103287316488
1620391099345164923,5523,1620391099333883017,,0.39341024158,-0.040189379917,0.0933947015649,0.977204865485,0.0312685411209,-0.209717744973,0.0103236828135
1620391099389123706,5524,1620391099367820462,,0.393359729002,-0.0401511478246,0.0933022978858,0.977180569296,0.0313086675635,-0.209825401685,0.0103143052919
1620391099433124475,5525,1620391099401802754,,0.393314705719,-0.0401113472515,0.0932178823,0.977158455369,0.0313495746579,-0.20992277675,0.0103037284314
1620391099477071129,5526,1620391099435813768,,0.393276706274,-0.0400881919997,0.0931504733672,0.97714057301,0.0313743490377,-0.210002325474,0.010303195399
1620391099477107857,5527,1620391099469793152,,0.393246420628,-0.0400634331149,0.0930937289715,0.977125431903,0.031402240164,-0.210068818453,0.0102986837003
1620391099521151816,5528,1620391099503103732,,0.39322022558,-0.0400459287823,0.0930469525239,0.977112798853,0.0314205225021,-0.210124908731,0.0102972588557
1620391099537336405,5529,1620391099536815047,,0.393192849545,-0.0400253263356,0.0929988505857,0.977099437992,0.0314447119107,-0.2101836311,0.0102927791905
1620391099585101035,5530,1620391099570793603,,0.393145454628,-0.0399890008862,0.0929154605759,0.977076607369,0.0314845284951,-0.210284545508,0.0102771310452
1620391099629030107,5531,1620391099604811182,,0.393087375924,-0.0399385645193,0.0928095227888,0.977047691544,0.0315410274112,-0.210411123124,0.0102622117931
1620391099673050035,5532,1620391099638800644,,0.393007875013,-0.0398742367447,0.0926700441004,0.977009349606,0.0316064373785,-0.210580510531,0.0102369012714
1620391099717127397,5533,1620391099672914170,,0.392914334381,-0.0397987863063,0.092505389479,0.976964788456,0.0316847288705,-0.210776807083,0.0102078062562
1620391099717152403,5534,1620391099706790843,,0.392839976502,-0.0397349891649,0.092373096402,0.976928190201,0.0317566159262,-0.210936665045,0.0101849639854
1620391099765020508,5535,1620391099740888610,,0.392784393889,-0.0396922305114,0.0922744149224,0.976901074426,0.031804898971,-0.211055480511,0.0101737373879
1620391099775687368,5536,1620391099774916744,,0.392761622185,-0.0396764874214,0.0922336027314,0.976889871843,0.0318231484579,-0.211104698361,0.0101712062897
1620391099821045060,5537,1620391099808827180,,0.392757313484,-0.0396713522085,0.0922236986814,0.976887507531,0.0318263791195,-0.211115266203,0.0101688343212
1620391099869097016,5538,1620391099842834024,,0.392753456141,-0.039666214972,0.0922170171923,0.976885475251,0.031834369047,-0.211123513983,0.0101678230672
1620391099913121464,5539,1620391099876793898,,0.392753454034,-0.0396676774861,0.0922147644528,0.976885094973,0.03183656887,-0.211124893676,0.0101688230266
1620391099913150318,5540,1620391099910875431,,0.392748802666,-0.0396654893656,0.0922091088458,0.976883189226,0.0318354430512,-0.21113377846,0.0101709565521
1620391099957089569,5541,1620391099944816247,,0.392748869149,-0.0396674771669,0.0922081102409,0.97688298107,0.0318360536425,-0.21113447685,0.010174539805
1620391099979442518,5542,1620391099978832404,,0.392747764973,-0.0396650881272,0.0922058021349,0.97688228863,0.0318379011287,-0.211137424564,0.0101740724453
1620391100021107374,5543,1620391100012822418,,0.392746104495,-0.0396643400008,0.0922038618232,0.976881332424,0.0318405302318,-0.211141328701,0.0101766349736
1620391100065061618,5544,1620391100046811019,,0.392746225136,-0.0396664245539,0.0922027630401,0.976881393008,0.0318383688001,-0.211141397574,0.0101761528684
1620391100109191601,5545,1620391100080844559,,0.392743914407,-0.0396665823179,0.0921985428458,0.976880216913,0.0318401123274,-0.211146414962,0.0101794935122
1620391100157152207,5546,1620391100114850681,,0.392745059042,-0.0396650789769,0.092198327813,0.976879921138,0.0318424397722,-0.211147331652,0.0101815829092
1620391100157177038,5547,1620391100148815470,,0.392742918296,-0.0396654873131,0.0921961597376,0.976879430415,0.0318405798237,-0.211149874857,0.0101817407289
1620391100201180381,5548,1620391100182809412,,0.392741876139,-0.0396637955125,0.0921943913835,0.976878951875,0.0318446737132,-0.211151543188,0.0101802522669
1620391100217944370,5549,1620391100216872788,,0.392739973602,-0.0396653418919,0.0921928457964,0.976878492105,0.0318418897005,-0.211154054284,0.0101809955837
1620391100261259448,5550,1620391100250978294,,0.392739804637,-0.0396639649577,0.0921923318579,0.976878305033,0.0318404629624,-0.211155080058,0.010182132782
1620391100305061148,5551,1620391100284854337,,0.392738643476,-0.0396685100559,0.0921923607267,0.976878335365,0.0318365599405,-0.211155348614,0.0101858571876
1620391100349069512,5552,1620391100318793686,,0.392736897543,-0.0396662840165,0.0921888008282,0.97687713952,0.031841908873,-0.21116013665,0.0101845668125
1620391100393112648,5553,1620391100352796927,,0.392737944588,-0.039666899005,0.0921911998078,0.976877523213,0.0318417318769,-0.211158263047,0.0101871628875
1620391100393157924,5554,1620391100386848977,,0.392739277227,-0.0396684209349,0.0921896557032,0.976877862207,0.0318395685703,-0.211156939728,0.010188846704
1620391100437160660,5555,1620391100420930762,,0.392736749296,-0.039666363477,0.0921870209471,0.976876588658,0.0318441328002,-0.2111620723,0.0101903163996
1620391100455811259,5556,1620391100454839923,,0.392737292296,-0.0396672053132,0.0921875510901,0.97687670734,0.0318449466055,-0.211161327915,0.0101918208356
1620391100497110853,5557,1620391100488823860,,0.392735865427,-0.0396667646916,0.0921869421797,0.976876797382,0.0318419730763,-0.211161483445,0.010189258268
1620391100541099489,5558,1620391100522840748,,0.392735896909,-0.0396650121258,0.092185454646,0.976876279759,0.0318413176221,-0.211163964586,0.0101895134539
1620391100589107397,5559,1620391100556939157,,0.392735891772,-0.0396669816825,0.0921854384538,0.976876518685,0.031841101104,-0.211162900752,0.0101893305696
1620391100633145314,5560,1620391100590776471,,0.392733304879,-0.0396676503673,0.0921837897104,0.976875458329,0.0318415037049,-0.211167541554,0.0101935538102
1620391100633175007,5561,1620391100624814754,,0.392735031034,-0.0396680914711,0.0921847256737,0.976876147281,0.0318412766843,-0.21116440943,0.0101931227043
1620391100676991584,5562,1620391100658773936,,0.392734976162,-0.0396674835322,0.0921841261124,0.976875983296,0.0318440712843,-0.211164705367,0.0101939775624
1620391100693581413,5563,1620391100692848055,,0.392734882328,-0.0396672899811,0.0921839619076,0.97687585981,0.0318428822617,-0.211165447072,0.0101941610421
1620391100737220793,5564,1620391100726818883,,0.392733041435,-0.0396689185742,0.0921832548646,0.976875467488,0.0318412050634,-0.211167509121,0.0101942807582
1620391100785158956,5565,1620391100760857210,,0.392732041068,-0.0396680356891,0.092182190084,0.976874963484,0.0318403074615,-0.211170008567,0.0101936062693
1620391100829118424,5566,1620391100794793462,,0.392733408299,-0.0396679319596,0.0921824956812,0.976875356783,0.0318409001231,-0.211167985394,0.0101959757806
1620391100873128956,5567,1620391100828891245,,0.392734304274,-0.0396667303907,0.0921813113784,0.976875067316,0.0318453259454,-0.211168650816,0.010196105728
1620391100873177592,5568,1620391100862795507,,0.392733102763,-0.0396699058107,0.0921824133439,0.976875217177,0.0318393683355,-0.211168823096,0.0101967852778
1620391100917270215,5569,1620391100896847268,,0.392733330277,-0.0396671690696,0.0921814219067,0.976875244356,0.0318424580559,-0.211168244045,0.010196525086
1620391100931648462,5570,1620391100930813935,,0.392734164271,-0.0396695940051,0.0921819462865,0.976875352855,0.0318431608081,-0.211167521642,0.0101988962643
1620391100977138024,5571,1620391100964787989,,0.392730870712,-0.0396711208976,0.0921790051744,0.976874503874,0.0318401264715,-0.211171928395,0.0101984446395
1620391101021183950,5572,1620391100998882877,,0.392733699029,-0.0396682726935,0.0921797858241,0.976874570679,0.0318461473272,-0.211170600356,0.0102007447714
1620391101065035792,5573,1620391101032835760,,0.39273135364,-0.0396695203745,0.0921792039584,0.976874615242,0.0318403669784,-0.211171414438,0.0101976682914
1620391101109016252,5574,1620391101066777002,,0.392730093955,-0.0396694632754,0.0921784047366,0.976873979049,0.0318424643346,-0.211173992686,0.0101986726563
1620391101109034140,5575,1620391101100842073,,0.392730140609,-0.0396677817487,0.0921776516638,0.976873778152,0.0318457578053,-0.211174412321,0.0101989428852
1620391101157089336,5576,1620391101134808716,,0.392731855371,-0.0396682379866,0.0921780148265,0.97687409224,0.0318455994904,-0.211172822146,0.0102022780072
1620391101169481412,5577,1620391101168830553,,0.392731483521,-0.0396693008935,0.0921788402365,0.976874275223,0.0318431146419,-0.211172410114,0.0102010417535
1620391101213071226,5578,1620391101202836255,,0.39273073638,-0.0396672338117,0.0921784168151,0.97687387272,0.0318464458671,-0.211173881306,0.0101987314422
1620391101257198582,5579,1620391101236910350,,0.392730301192,-0.0396677931915,0.0921771205706,0.976873775927,0.0318434015868,-0.211174760045,0.0101993131784
1620391101301095223,5580,1620391101271005734,,0.392733108271,-0.0396675778761,0.092178165402,0.976874204939,0.0318470865426,-0.211172079137,0.010202224392
1620391101345127592,5581,1620391101304894075,,0.392731074839,-0.0396695593928,0.0921788158246,0.976874101412,0.0318411616143,-0.21117347712,0.0102016943213
1620391101345154846,5582,1620391101338818172,,0.3927314589,-0.0396673872927,0.0921777516018,0.976873623514,0.0318464976906,-0.211174900075,0.0102013446662
1620391101389186795,5583,1620391101372813633,,0.392730276454,-0.039670841185,0.0921770602082,0.976873742557,0.0318435971214,-0.211174703735,0.0102030640392
1620391101407553118,5584,1620391101406778247,,0.392728851831,-0.0396700459384,0.0921750228752,0.976872673697,0.0318463498402,-0.211179163461,0.0102045034964
1620391101449058418,5585,1620391101440794286,,0.392727633939,-0.0396704456029,0.0921754652948,0.97687316847,0.0318417666538,-0.211177724254,0.0102012247772
1620391101497103400,5586,1620391101474789114,,0.392729994201,-0.0396711934361,0.0921767306908,0.976873779883,0.0318417272112,-0.211174629139,0.0102068693178
1620391101541101723,5587,1620391101508810676,,0.392732107421,-0.0396664029314,0.0921760528006,0.9768734514,0.0318492649073,-0.211175176329,0.0102034681686
1620391101585179455,5588,1620391101542850359,,0.392728602465,-0.0396733559137,0.0921756675774,0.976873612361,0.0318386835851,-0.211175895891,0.0102061885322
1620391101585196919,5589,1620391101576856444,,0.39273002306,-0.0396694964322,0.0921757522462,0.97687336156,0.0318434957958,-0.211176262915,0.0102075863537
1620391101633173344,5590,1620391101610790623,,0.392729477811,-0.0396682411062,0.0921751470724,0.976872972379,0.0318461880088,-0.211177855419,0.0102034853073
1620391101645754128,5591,1620391101644829782,,0.392729889505,-0.0396700822955,0.0921751480205,0.97687312272,0.0318431474258,-0.211177451473,0.0102069410753
1620391101689098310,5592,1620391101678819851,,0.392729832702,-0.0396695180594,0.0921743407974,0.976873030719,0.0318440044371,-0.211177778951,0.0102062971022
1620391101733056000,5593,1620391101712928473,,0.392728216593,-0.0396706489609,0.0921746630166,0.976872812995,0.0318409086489,-0.211179238929,0.0102065861797
1620391101776999338,5594,1620391101746797396,,0.392730184931,-0.0396676081486,0.0921739675618,0.97687263818,0.0318482969032,-0.211179056667,0.0102040369657
1620391101821173313,5595,1620391101780316033,,0.392729013679,-0.0396696047271,0.0921744502642,0.976872891646,0.0318445260513,-0.2111784551,0.0102039902036
1620391101821215049,5596,1620391101813988317,,0.39272866917,-0.0396707712353,0.0921738766465,0.976872598529,0.0318433713884,-0.211179848096,0.0102068255515
1620391101865035390,5597,1620391101847815105,,0.392728312027,-0.0396699602606,0.0921730554089,0.976872417694,0.0318449069488,-0.211180515325,0.0102055369481
1620391101882486599,5598,1620391101881801447,,0.392728401383,-0.0396700986953,0.0921728957313,0.97687237872,0.0318457552007,-0.21118058181,0.0102052449115
1620391101925159565,5599,1620391101915820918,,0.392728837441,-0.0396713287518,0.0921730593286,0.976872754443,0.0318436514862,-0.211179050051,0.0102075410106
1620391101969147261,5600,1620391101950059109,,0.392728305349,-0.0396709811952,0.0921733882568,0.97687248207,0.0318444787937,-0.211180098803,0.0102093291537
1620391102013084598,5601,1620391101983864141,,0.392727827746,-0.0396736234553,0.0921739852379,0.976872757533,0.0318397049981,-0.211179622189,0.0102077194298
1620391102057051869,5602,1620391102017884770,,0.392727375982,-0.0396714955848,0.0921725784834,0.976872068572,0.0318434520111,-0.211182209958,0.0102084275167
1620391102057077226,5603,1620391102051781481,,0.392728146004,-0.0396721398569,0.0921730828139,0.976872429614,0.0318454194,-0.211180143468,0.0102104904585
1620391102101142228,5604,1620391102085750025,,0.392727564736,-0.0396704417466,0.0921722240487,0.97687195114,0.0318457447659,-0.211182325006,0.0102101326019
1620391102120671261,5605,1620391102119770014,,0.392729162584,-0.039669776206,0.092172687709,0.976872795888,0.0318432144441,-0.21117890285,0.010207983517
1620391102161133039,5606,1620391102153746807,,0.392727705489,-0.0396723828478,0.0921730181289,0.976872152904,0.0318432498342,-0.211181833035,0.010208785641
1620391102205091449,5607,1620391102187816382,,0.392726734694,-0.0396739256134,0.0921712792946,0.976871959969,0.0318439794122,-0.21118247991,0.0102115899181
1620391102249133883,5608,1620391102221882763,,0.392727446241,-0.0396726133475,0.0921725683699,0.976872230778,0.0318418850732,-0.211181513592,0.0102121983235
1620391102293223072,5609,1620391102255770274,,0.392726370497,-0.0396723020109,0.0921712544866,0.976871840884,0.0318426220996,-0.211183295884,0.0102103395075
1620391102293252143,5610,1620391102289792475,,0.392727665332,-0.039670329353,0.0921713557243,0.976871896047,0.031845279599,-0.211182481867,0.0102136095222
1620391102337066439,5611,1620391102323756478,,0.392726656876,-0.0396742008474,0.0921719394859,0.97687215059,0.0318445779241,-0.211181494757,0.0102118616099
1620391102358448708,5612,1620391102357778694,,0.392726045962,-0.0396711650113,0.0921702145639,0.976871592051,0.0318439409453,-0.21118412275,0.0102129307826
1620391102401091376,5613,1620391102391868617,,0.392727149422,-0.039672506892,0.0921719689625,0.976872087534,0.0318432037371,-0.211181988985,0.0102119581623
1620391102445097333,5614,1620391102425750093,,0.392726578558,-0.0396725464445,0.0921714029388,0.976871849072,0.031844832729,-0.211182850334,0.0102118769229
1620391102489116426,5615,1620391102459127803,,0.392726779167,-0.0396727159592,0.0921694567626,0.976871624185,0.0318410443946,-0.211184474353,0.0102116176482
1620391102533059440,5616,1620391102492762835,,0.392726598888,-0.0396724653755,0.0921712174073,0.97687178374,0.0318442020638,-0.211183237856,0.0102120792772
1620391102533086906,5617,1620391102526906553,,0.392728039913,-0.0396710663575,0.092171471674,0.976871870033,0.0318453985758,-0.211182594735,0.0102133929862
1620391102577180294,5618,1620391102560870156,,0.392725705148,-0.0396745381447,0.0921695929285,0.976871179706,0.0318444267025,-0.21118588251,0.0102144683139
1620391102595619235,5619,1620391102594737545,,0.392727768534,-0.0396708839903,0.0921700690385,0.976871680914,0.0318469304883,-0.211183203177,0.0102141240445
1620391102637085911,5620,1620391102628874638,,0.392726655406,-0.039674047135,0.0921699210149,0.976871552258,0.0318453181,-0.211183980442,0.0102153852128
1620391102681093096,5621,1620391102662972366,,0.392725288466,-0.0396733707505,0.092170391224,0.976871400558,0.0318414634921,-0.211185404163,0.0102124742712
1620391102725120056,5622,1620391102696790834,,0.392725581152,-0.0396748362728,0.0921695000056,0.976871329208,0.0318450221851,-0.211185035678,0.0102158223536
1620391102769035755,5623,1620391102730768295,,0.392725293374,-0.0396734992024,0.0921685623816,0.976871537663,0.0318425307151,-0.211184525151,0.0102142090628
1620391102769069530,5624,1620391102764743049,,0.392726011227,-0.0396725707144,0.0921696019641,0.976871275887,0.0318424447521,-0.211185695493,0.010215315318
1620391102813136535,5625,1620391102798771789,,0.39272639329,-0.0396731842504,0.0921701062118,0.976871434181,0.0318439057317,-0.211184730576,0.0102155718475
1620391102833594317,5626,1620391102832758434,,0.39272589315,-0.0396718284108,0.0921684845604,0.976870979607,0.0318469210913,-0.21118638634,0.0102154113944
1620391102877253340,5627,1620391102866779793,,0.392725679141,-0.0396737916191,0.0921701565963,0.976871098527,0.031845612099,-0.211186084154,0.0102143672887
1620391102925138200,5628,1620391102900762093,,0.392724832553,-0.0396715295861,0.0921684983582,0.976870899783,0.0318444703665,-0.211187111489,0.0102156933979
1620391102973171618,5629,1620391102934757432,,0.392725388072,-0.0396727993181,0.0921684430383,0.976870891043,0.0318430814223,-0.211187317812,0.0102165934342
1620391102973192976,5630,1620391102968752826,,0.392725857885,-0.0396731495949,0.0921680888511,0.976870999217,0.0318461300006,-0.211186397952,0.0102157623445
1620391103017131181,5631,1620391103002741637,,0.392726270811,-0.0396740889433,0.0921703714772,0.976871353693,0.0318454259699,-0.211184828451,0.0102165061271
1620391103037602681,5632,1620391103036743760,,0.39272597659,-0.0396743671075,0.0921690329623,0.976871057892,0.0318427714205,-0.211186546586,0.0102175481726
1620391103081036840,5633,1620391103070945210,,0.392725099907,-0.0396732389406,0.0921682551672,0.976870864382,0.0318450225745,-0.211187217092,0.0102151741038
1620391103125232746,5634,1620391103104857971,,0.392725715516,-0.0396728591921,0.0921680748411,0.976871297342,0.0318420809094,-0.211185663046,0.0102150684965
1620391103169020411,5635,1620391103138756394,,0.392726658284,-0.0396713067269,0.0921678617221,0.976870971857,0.0318485344193,-0.211186115496,0.010216721918
1620391103217128963,5636,1620391103172788125,,0.39272636165,-0.0396714215402,0.0921691700941,0.976871301964,0.0318445194162,-0.211185283617,0.0102148692553
1620391103217221911,5637,1620391103206725225,,0.392725231916,-0.0396738879743,0.0921690162965,0.976871063858,0.0318417042461,-0.211186767716,0.0102157328162
1620391103261269222,5638,1620391103240775118,,0.392725723336,-0.0396721672099,0.0921686893511,0.976871119163,0.0318434331286,-0.211186288267,0.0102149667857
1620391103275651880,5639,1620391103274728242,,0.392725042388,-0.0396748060258,0.0921680974645,0.97687082746,0.0318432195899,-0.211187475137,0.0102189900235
1620391103317395289,5640,1620391103308777285,,0.392723010422,-0.039673251747,0.0921664433938,0.976870251079,0.0318461621462,-0.211189856187,0.0102157105859
1620391103361119281,5641,1620391103342499509,,0.39272599343,-0.0396747863571,0.0921685712792,0.976871157733,0.0318442120154,-0.211185765256,0.0102196620224
1620391103405104671,5642,1620391103376789921,,0.39272545214,-0.0396759215421,0.0921678096039,0.976870971654,0.031841002424,-0.211187058384,0.0102207272143
1620391103449137983,5643,1620391103410712647,,0.392725558578,-0.0396738880068,0.0921679669672,0.976870862717,0.0318459638932,-0.211186926146,0.010218413271
1620391103449158781,5644,1620391103444787170,,0.392725486466,-0.0396760707973,0.0921679149433,0.976870998791,0.0318408531708,-0.211187050778,0.0102187554143
1620391103493084964,5645,1620391103478775921,,0.392724144233,-0.0396734222477,0.0921677041815,0.976870673118,0.0318445957209,-0.211188100498,0.010216531784
1620391103513336968,5646,1620391103512748008,,0.392723256974,-0.0396743002893,0.0921668395969,0.97687060771,0.0318415932688,-0.211188794514,0.010217797719
1620391103561136546,5647,1620391103546856079,,0.39272487319,-0.039674217583,0.0921669491117,0.976870301568,0.0318459025191,-0.211189424971,0.0102206054274
1620391103605077367,5648,1620391103580784847,,0.392726395259,-0.039672932865,0.0921681539783,0.976871003082,0.0318427200647,-0.21118683371,0.0102170138858
1620391103649220641,5649,1620391103614720582,,0.392724051931,-0.0396748886666,0.0921663462772,0.976870232211,0.0318446957578,-0.211189858245,0.0102220415675
1620391103697124473,5650,1620391103648773004,,0.392725251755,-0.0396759606142,0.0921683600754,0.976871058594,0.0318401343776,-0.211186829397,0.0102198533491
1620391103697157621,5651,1620391103682805256,,0.392725371616,-0.0396744265738,0.0921683223932,0.976870878368,0.0318461948518,-0.211186630302,0.0102223108208
1620391103741080946,5652,1620391103716770443,,0.392725674029,-0.0396738927098,0.0921678218407,0.976870901,0.0318435162108,-0.211186984977,0.0102211652149
1620391103751685625,5653,1620391103750748055,,0.39272437293,-0.0396756519477,0.0921668972745,0.976870617112,0.0318445172618,-0.211188207456,0.0102199199092
1620391103793042620,5654,1620391103784718221,,0.39272366712,-0.0396766231408,0.0921672702334,0.976870792311,0.0318401411278,-0.211187987706,0.0102213491974
1620391103837121340,5655,1620391103818765158,,0.392726025763,-0.0396740287212,0.0921670302023,0.976870496346,0.0318469969507,-0.211188317995,0.0102214521046
1620391103881063404,5656,1620391103852765106,,0.392723771304,-0.0396749494268,0.0921662924174,0.976870190977,0.0318422649633,-0.211190483893,0.0102206283374
1620391103925141865,5657,1620391103886690473,,0.392724297655,-0.0396748511961,0.0921665412771,0.976870245452,0.0318435278027,-0.211189969341,0.0102221193883
1620391103925186261,5658,1620391103920766054,,0.392724273174,-0.0396744741374,0.0921662440641,0.976870367726,0.0318467192099,-0.211189094802,0.0102185595104
1620391103969142361,5659,1620391103954728447,,0.392725577921,-0.0396743234164,0.092165308934,0.976870235177,0.0318474600506,-0.2111894813,0.0102209338104
1620391103989699044,5660,1620391103988767167,,0.392723143919,-0.0396752059223,0.0921657327662,0.976870057784,0.0318446632084,-0.21119070377,0.0102213433053
1620391104033039092,5661,1620391104022817569,,0.392724285007,-0.0396732877824,0.0921672036756,0.976870432629,0.0318438866826,-0.21118918212,0.0102193776418
1620391104077062849,5662,1620391104056768636,,0.392722205016,-0.0396746394715,0.0921642814955,0.976869740429,0.0318433770524,-0.211192415915,0.0102203043295
1620391104121067763,5663,1620391104090703997,,0.392723781675,-0.0396734341355,0.0921656135893,0.97687021217,0.0318450307294,-0.211189969426,0.0102206161111
1620391104165026953,5664,1620391104124809758,,0.392722880152,-0.0396735289202,0.0921655263803,0.976869972354,0.0318437046569,-0.211191231421,0.010221592066
1620391104165058476,5665,1620391104158735652,,0.392724719299,-0.0396754990382,0.0921675513075,0.976870864332,0.0318410883926,-0.211187733889,0.010216758429
1620391104209086339,5666,1620391104192855691,,0.392724623391,-0.0396762744517,0.0921656910993,0.976870328663,0.0318425341332,-0.211189686363,0.0102231090963
1620391104227765676,5667,1620391104226713208,,0.392723141251,-0.0396759119827,0.0921654563359,0.976870017898,0.0318454886923,-0.211190699549,0.0102226705059
1620391104269028469,5668,1620391104260745682,,0.392722676131,-0.0396756539726,0.0921645617997,0.976869817275,0.0318439595686,-0.211191840924,0.0102230254714
1620391104313115952,5669,1620391104294717135,,0.392724175678,-0.0396767416784,0.0921659522917,0.976870915666,0.0318389296289,-0.21118760393,0.0102212632248
1620391104361009565,5670,1620391104328786708,,0.392721962471,-0.0396764652326,0.0921645734945,0.976869777851,0.0318408266254,-0.211192553188,0.0102218367428
1620391104405102836,5671,1620391104362698794,,0.392724591397,-0.0396759408626,0.0921675457,0.976870622819,0.031843243937,-0.211188344601,0.0102205078829
1620391104405136868,5672,1620391104396747379,,0.392723389682,-0.0396773084288,0.0921659953427,0.97687021093,0.031843662805,-0.211190045721,0.0102234197774
1620391104449105490,5673,1620391104430696397,,0.39272414676,-0.0396758120723,0.0921653502469,0.976870066686,0.0318466529974,-0.211190196767,0.0102247680873
1620391104465684055,5674,1620391104464698241,,0.392721521329,-0.0396760888651,0.0921648493175,0.976869763303,0.031841638627,-0.211192519103,0.0102214018977
1620391104509131702,5675,1620391104498721363,,0.392722511675,-0.0396753852174,0.0921636384629,0.97686942952,0.0318449654836,-0.211193416566,0.0102243938028
1620391104553026421,5676,1620391104532694960,,0.392723260644,-0.0396753645913,0.0921657550332,0.976869918897,0.0318452344926,-0.211191278235,0.0102209675762
